,model_0,model_1,model_2,model_3,model_4,model_5
Use of Arguments,0.20124262095772394,0.41131379177625893,0.4652088184521418,0.5838824207703652,0.5838824207703652,0.8551321405847059
Use of Sources,0.10034824646229075,0.06788915486182899,0.6480768681391461,0.5838824207703652,0.31530245208174557,0.028459736916310565
Academic Language Style,0.17090352023079747,0.41131379177625893,0.41131379177625893,0.12069080052744556,0.14412703481601533,0.8551321405847059
Logic,0.028459736916310565,0.8551321405847059,0.5228166539190886,0.20124262095772394,0.7841912294016191,0.3613104285261787
Text Coherence,0.06788915486182899,0.12069080052744556,0.41131379177625893,0.3613104285261787,0.10034824646229075,0.20124262095772394
