,model_0,model_1,model_2,model_3,model_4,model_5
Use of Arguments,0.8551321405847059,0.8551321405847059,0.10034824646229075,0.41131379177625893,0.6480768681391461,0.23533326650958586
Logic,0.8551321405847059,0.7150006546880893,0.01371083007813322,0.17090352023079747,0.23533326650958586,0.17090352023079747
Academic Language Style,0.27332167829229814,0.8551321405847059,0.41131379177625893,0.06788915486182899,0.0828374251588063,0.4652088184521418
Use of Sources,0.3613104285261787,0.5228166539190886,0.10034824646229075,0.23533326650958586,0.10034824646229075,0.7150006546880893
Text Coherence,0.3613104285261787,1.0,0.14412703481601533,0.31530245208174557,0.044609718024939606,0.028459736916310565
